{
    "Version": "2012-10-17",
    "Statement": [
        {
            "Sid": "AllowGlueAndS3",
            "Effect": "Allow",
            "Action": [
                "s3:GetObject",
                "s3:PutObject",
                "s3:DeleteObject",
                "s3:ListBucket"
            ],
            "Resource": [
                "arn:aws:s3:::your-bucket",
                "arn:aws:s3:::your-bucket/*"
            ]
        },
        {
            "Sid": "AllowGlueActions",
            "Effect": "Allow",
            "Action": [
                "glue:GetTable",
                "glue:GetTables",
                "glue:UpdateTable",
                "glue:CreateTable",
                "glue:DeleteTable",
                "glue:GetPartition",
                "glue:GetPartitions",
                "glue:BatchDeletePartition",
                "glue:BatchCreatePartition",
                "glue:CreateDatabase",
                "glue:GetDatabase",
                "glue:GetDatabases",
                "glue:DeleteDatabase"
            ],
            "Resource": "*"
        },
        {
            "Sid": "AllowGlueJobExecution",
            "Effect": "Allow",
            "Action": [
                "glue:StartJobRun",
                "glue:GetJobRun",
                "glue:GetJobRuns",
                "glue:BatchStopJobRun"
            ],
            "Resource": "*"
        },
        {
            "Sid": "AllowCloudWatchLogs",
            "Effect": "Allow",
            "Action": [
                "logs:CreateLogGroup",
                "logs:CreateLogStream",
                "logs:PutLogEvents"
            ],
            "Resource": "*"
        }
    ]
}